{"name":"blackcancer","id":215,"speed":4,"stepHeight":0.10000000149012,"transformable":{"mass":0.10000000149012,"transformX":{"x":1,"y":0,"z":0},"transformY":{"x":0,"y":1,"z":0},"transformZ":{"x":0,"y":0,"z":1},"localPos":{"x":121.69412231445,"y":-47.962566375732,"z":-275.72537231445},"sPos":{"x":2,"y":2,"z":2},"noAI":0,"fid":0,"own":""}}