{"name":"blackcancer","credits":5903845,"inventory":{"slots":{"0":16,"1":25,"2":32,"3":1,"4":22,"5":12,"6":38,"7":14,"8":24,"9":35,"10":27,"11":17,"12":3,"13":21,"14":28,"15":20,"16":36,"17":26,"18":42,"19":31,"20":41,"21":18,"22":13,"23":44,"24":19,"25":9,"26":33,"27":10,"28":30,"29":37,"30":34,"31":5,"32":23,"33":8,"34":7,"35":6,"36":39,"37":4,"38":2,"39":15,"40":11,"41":40,"42":43,"43":0},"types":{"0":2,"1":319,"2":328,"3":312,"4":76,"5":289,"6":382,"7":63,"8":329,"9":330,"10":369,"11":374,"12":269,"13":367,"14":120,"15":122,"16":339,"17":311,"18":368,"19":326,"20":377,"21":376,"22":338,"23":317,"24":401,"25":65524,"26":320,"27":336,"28":55,"29":337,"30":321,"31":263,"32":297,"33":331,"34":80,"35":271,"36":384,"37":286,"38":264,"39":290,"40":282,"41":402,"42":3,"43":266},"values":{"0":108166,"1":99479,"2":100000,"3":9997248,"4":9960,"5":1,"6":99864,"7":4104,"8":188,"9":9989,"10":768,"11":99958,"12":65216,"13":405,"14":1,"15":9999919,"16":9992,"17":94752,"18":7,"19":99984,"20":850,"21":99937,"22":9990,"23":94557,"24":99482,"25":{"0":101,"1":65524,"2":0,"3":65535},"26":100000,"27":9996,"28":9999792,"29":9344,"30":2189,"31":180308,"32":9912,"33":95324,"34":9998954,"35":97856,"36":99893,"37":9996532,"38":993270,"39":104,"40":9982,"41":99446,"42":100929,"43":9999129}},"spawn":{"0":0,"1":-6.5,"2":-8},"sector":{"0":2,"1":2,"2":2},"lspawn":{"0":118.60338592529,"1":-46.646221160889,"2":-278.02291870117},"lsector":{"0":2,"1":2,"2":2},"fid":0,"lastLogin":1392903846416,"unk_timestamp":1392930092602,"hist":{"0":{"timestamp":1392324011786,"ip":"\/127.0.0.1"},"1":{"timestamp":1392324045812,"ip":"\/127.0.0.1"},"2":{"timestamp":1392326066039,"ip":"\/127.0.0.1"},"3":{"timestamp":1392337091570,"ip":"\/127.0.0.1"},"4":{"timestamp":1392515402412,"ip":"\/127.0.0.1"},"5":{"timestamp":1392565900753,"ip":"\/127.0.0.1"},"6":{"timestamp":1392566071352,"ip":"\/127.0.0.1"},"7":{"timestamp":1392566127637,"ip":"\/127.0.0.1"},"8":{"timestamp":1392585018679,"ip":"\/127.0.0.1"},"9":{"timestamp":1392594715850,"ip":"\/127.0.0.1"},"10":{"timestamp":1392596419045,"ip":"\/127.0.0.1"},"11":{"timestamp":1392603827250,"ip":"\/127.0.0.1"},"12":{"timestamp":1392648354879,"ip":"\/127.0.0.1"},"13":{"timestamp":1392649649743,"ip":"\/127.0.0.1"},"14":{"timestamp":1392651434422,"ip":"\/127.0.0.1"},"15":{"timestamp":1392664773438,"ip":"\/127.0.0.1"},"16":{"timestamp":1392669237104,"ip":"\/127.0.0.1"},"17":{"timestamp":1392669842750,"ip":"\/127.0.0.1"},"18":{"timestamp":1392670712509,"ip":"\/127.0.0.1"},"19":{"timestamp":1392671109415,"ip":"\/127.0.0.1"},"20":{"timestamp":1392678519116,"ip":"\/127.0.0.1"},"21":{"timestamp":1392719810994,"ip":"\/127.0.0.1"},"22":{"timestamp":1392763294144,"ip":"\/127.0.0.1"},"23":{"timestamp":1392816213015,"ip":"\/127.0.0.1"},"24":{"timestamp":1392903077813,"ip":"\/127.0.0.1"},"25":{"timestamp":1392903846416,"ip":"\/127.0.0.1"}},"lastShip":"ENTITY_SHIP_blackcancer_1392650465398","blackcancer":{"0":{"ship":"ENTITY_SHIP_xenos","unk":{"0":{"0":9,"1":{"0":8,"1":8,"2":8}},"1":{"0":0,"1":{"0":8,"1":8,"2":9}}}},"1":{"ship":"ENTITY_SHIP_blackcancer_1392327306573","unk":{"0":{"0":1,"1":{"0":7,"1":8,"2":7}},"1":{"0":9,"1":{"0":8,"1":8,"2":8}},"2":{"0":2,"1":{"0":9,"1":8,"2":7}},"3":{"0":0,"1":{"0":8,"1":10,"2":8}}}},"2":{"ship":"ENTITY_SHIP_phantom 2","unk":{"0":{"0":1,"1":{"0":9,"1":9,"2":8}},"1":{"0":9,"1":{"0":8,"1":8,"2":8}},"2":{"0":2,"1":{"0":7,"1":9,"2":8}},"3":{"0":0,"1":{"0":8,"1":9,"2":8}}}},"3":{"ship":"ENTITY_SHIP_blackcancer_1392585620677","unk":{"0":{"0":9,"1":{"0":8,"1":8,"2":8}}}},"4":{"ship":"ENTITY_SHIP_blackcancer_1392585971149","unk":{"0":{"0":9,"1":{"0":8,"1":8,"2":8}}}},"5":{"ship":"ENTITY_SHIP_blackcancer_1392589020612","unk":{"0":{"0":9,"1":{"0":8,"1":8,"2":8}}}},"6":{"ship":"ENTITY_SHIP_blackcancer_1392589128499","unk":{"0":{"0":9,"1":{"0":8,"1":8,"2":8}}}},"7":{"ship":"ENTITY_SHIP_blackcancer_1392650465398","unk":{"0":{"0":9,"1":{"0":8,"1":8,"2":8}}}},"8":{"ship":"ENTITY_SHIP_F-AR Dragonfly I","unk":{"0":{"0":1,"1":{"0":9,"1":8,"2":-5}},"1":{"0":9,"1":{"0":8,"1":8,"2":8}},"2":{"0":2,"1":{"0":7,"1":8,"2":-5}},"3":{"0":0,"1":{"0":8,"1":8,"2":-6}}}},"9":{"ship":"ENTITY_SHIP_F-R Dragonfly I_1392664498680","unk":{"0":{"0":9,"1":{"0":8,"1":8,"2":8}}}},"10":{"ship":"ENTITY_SHIP_blackcancer_1392677491544","unk":{"0":{"0":9,"1":{"0":8,"1":8,"2":8}}}},"11":{"ship":"ENTITY_SHIP_blackcancer_1392678662288","unk":{"0":{"0":9,"1":{"0":8,"1":8,"2":8}},"1":{"0":0,"1":{"0":8,"1":8,"2":7}}}}}}