{"uniqueId":"ENTITY_SHIP_AITURRET_1392326739740","type":6,"cs1":"\u0000\u0000\u0000\u0000\u0002\u0000\b\u0000\b\u0000\b\u0000\u0000\u0000\u0001\u0000\u0006\u0000\u0000\u0000\u0001\u0000\b\u0000\b\u0000\t\u0000\b\u0000\b\u0000\t\u0000\u0000\u0000\u0001\u0000\u0010\u0000\u0000\u0000:\u0000\b\u0000\b\u0000\r\u0000\b\u0000\b\u0000\u0007\u0000\t\u0000\b\u0000\t\u0000\u0007\u0000\b\u0000\b\u0000\b\u0000\t\u0000\t\u0000\b\u0000\t\u0000\u000b\u0000\u0007\u0000\b\u0000\u000e\u0000\u0007\u0000\t\u0000\u000e\u0000\u0007\u0000\b\u0000\u000b\u0000\t\u0000\b\u0000\u000e\u0000\t\u0000\b\u0000\u0007\u0000\t\u0000\t\u0000\f\u0000\b\u0000\t\u0000\f\u0000\b\u0000\t\u0000\u000e\u0000\t\u0000\t\u0000\u000b\u0000\u0007\u0000\t\u0000\u0010\u0000\t\u0000\b\u0000\u000b\u0000\u0007\u0000\t\u0000\u0007\u0000\t\u0000\b\u0000\f\u0000\b\u0000\t\u0000\r\u0000\u0007\u0000\t\u0000\n\u0000\u0007\u0000\t\u0000\f\u0000\u0007\u0000\b\u0000\u0010\u0000\b\u0000\t\u0000\n\u0000\t\u0000\t\u0000\t\u0000\u0007\u0000\b\u0000\t\u0000\t\u0000\t\u0000\u000f\u0000\t\u0000\b\u0000\b\u0000\u0007\u0000\t\u0000\t\u0000\t\u0000\t\u0000\b\u0000\b\u0000\b\u0000\u000f\u0000\t\u0000\b\u0000\u0010\u0000\u0007\u0000\t\u0000\u000b\u0000\t\u0000\b\u0000\r\u0000\b\u0000\b\u0000\u000b\u0000\u0007\u0000\b\u0000\f\u0000\b\u0000\t\u0000\b\u0000\u0007\u0000\t\u0000\r\u0000\t\u0000\t\u0000\u000e\u0000\t\u0000\b\u0000\n\u0000\u0007\u0000\t\u0000\u000f\u0000\u0007\u0000\b\u0000\r\u0000\t\u0000\t\u0000\n\u0000\b\u0000\b\u0000\f\u0000\t\u0000\b\u0000\u000f\u0000\u0007\u0000\b\u0000\u000f\u0000\t\u0000\t\u0000\u0007\u0000\u0007\u0000\b\u0000\n\u0000\b\u0000\t\u0000\u0007\u0000\t\u0000\t\u0000\r\u0000\b\u0000\t\u0000\u000f\u0000\b\u0000\t\u0000\u0010\u0000\u0007\u0000\t\u0000\b\u0000\t\u0000\t\u0000\u0010\u0000\b\u0000\b\u0000\u000e\u0000\u0007\u0000\b\u0000\u0007\u0000\b\u0000\b\u0000\u0010\u0000\b\u0000\b\u0000\n","realname":"Turret","dim":{"maxPos":{"x":-2,"y":-2,"z":-2},"minPos":{"x":2,"y":2,"z":2}},"dock":{"dockedTo":"ENTITY_SPACESTATION_P1392326729627","dockedToPos":{"x":0,"y":6,"z":62},"byte_a":0,"byte_b":0,"s":{"0":-3,"1":-1,"2":-2}},"transformable":{"mass":0.10000000149012,"transformX":{"x":1,"y":0,"z":0},"transformY":{"x":0,"y":-1.1920928955078e-7,"z":1.0000001192093},"transformZ":{"x":0,"y":-1.0000001192093,"z":-1.1920928955078e-7},"localPos":{"x":-8,"y":-2,"z":55.5},"sPos":{"x":8,"y":5,"z":5},"AIConfig":{"1":"Turret","2":"true","0":"Any"},"fid":-1,"own":""},"container":{"controllerStructure":{},"shipMan0":{"0":{"D":{"PointDist0":{"controller":{"0":8,"1":8,"2":9},"idPos":{"0":7,"1":8,"2":7},"EffectStruct":{"0":{"0":0,"1":25},"1":{"0":1,"1":25},"2":{"0":2,"1":25},"3":{"0":3,"1":25}}}}},"1":{},"2":{},"3":{}},"power":0,"shield":6712,"ex":0},"creatorId":{"creator":"<system>","lastMod":"","seed":0,"touched":true,"byte_a":{"0":-1},"genId":0}}