{"uniqueId":"ENTITY_SHIP_blackcancer_1392650465398","type":5,"cs1":"\u0000\u0000\u0000\u0000\u0000","realname":"blackcancer_1392650465398","dim":{"maxPos":{"x":-6,"y":-2,"z":-10},"minPos":{"x":6,"y":2,"z":16}},"dock":{"dockedTo":"NONE","dockedToPos":{"x":0,"y":0,"z":0},"byte_a":0,"byte_b":0,"s":{"0":0,"1":0,"2":0}},"transformable":{"mass":20995.5,"transformX":{"x":0.99739074707031,"y":-0.0023136201780289,"z":0.072155058383942},"transformY":{"x":0.0028417480643839,"y":0.99996989965439,"z":-0.0072175469249487},"transformZ":{"x":-0.07213619351387,"y":0.0074037611484528,"z":0.99736732244492},"localPos":{"x":118.60338592529,"y":-46.646221160889,"z":-278.02291870117},"sPos":{"x":2,"y":2,"z":2},"AIConfig":{"1":"Ship","2":"false","0":"Any"},"fid":0,"own":""},"container":{"controllerStructure":{"0":{"type":3,"index":{"0":25,"1":3,"2":18},"inventory":{"slots":{"0":1,"1":12,"2":8,"3":3,"4":2,"5":4,"6":11,"7":0},"types":{"0":1,"1":265,"2":65504,"3":314,"4":291,"5":16,"6":120,"7":86},"values":{"0":427,"1":10000,"2":{"0":100,"1":65504,"2":{"0":5,"1":0.5,"2":150},"3":1},"3":10000000,"4":878,"5":24,"6":9998,"7":9999784}}}},"shipMan0":{"0":{},"1":{},"2":{},"3":{}},"power":19588767.817838,"shield":17612,"ex":0},"creatorId":{"creator":"ENTITY_PLAYERSTATE_blackcancer","lastMod":"","seed":0,"touched":true,"byte_a":{"0":-1},"genId":0}}