{"uniqueId":"ENTITY_SHIP_xenos","type":5,"cs1":"\u0000\u0000\u0000\u0000\u0002\u0000\b\u0000\b\u0000\b\u0000\u0000\u0000\u0001\u0000\u0006\u0000\u0000\u0000\u0001\u0000\b\u0000\b\u0000\t\u0000\b\u0000\b\u0000\t\u0000\u0000\u0000\u0001\u0000\u0010\u0000\u0000\u0000\f\u0000\b\u0000\b\u0000\n\u0000\t\u0000\b\u0000\t\u0000\t\u0000\b\u0000\n\u0000\u0005\u0000\b\u0000\u0006\u0000\b\u0000\b\u0000\u000b\u0000\u000b\u0000\b\u0000\u0006\u0000\b\u0000\b\u0000\f\u0000\u000b\u0000\b\u0000\b\u0000\u0005\u0000\b\u0000\b\u0000\u000b\u0000\b\u0000\u0007\u0000\t\u0000\b\u0000\b\u0000\u0005\u0000\b\u0000\u0007","realname":"xenos","dim":{"maxPos":{"x":-2,"y":-2,"z":-2},"minPos":{"x":2,"y":2,"z":2}},"dock":{"dockedTo":"NONE","dockedToPos":{"x":0,"y":0,"z":0},"byte_a":0,"byte_b":0,"s":{"0":0,"1":0,"2":0}},"transformable":{"mass":5.9000000953674,"transformX":{"x":0.38940066099167,"y":4.1553442997611e-7,"z":0.92106848955154},"transformY":{"x":-1.730152376922e-7,"y":1,"z":-3.7799810570505e-7},"transformZ":{"x":-0.92106848955154,"y":-1.2166154306215e-8,"z":0.38940066099167},"localPos":{"x":123.51853179932,"y":48.999992370605,"z":-92.554244995117},"sPos":{"x":6,"y":5,"z":5},"AIConfig":{"1":"Ship","2":"false","0":"Any"},"fid":0,"own":""},"container":{"controllerStructure":{},"shipMan0":{"0":{"D":{"PointDist0":{"controller":{"0":8,"1":8,"2":9},"idPos":{"0":11,"1":8,"2":6},"EffectStruct":{"0":{"0":0,"1":25},"1":{"0":1,"1":25},"2":{"0":2,"1":25},"3":{"0":3,"1":25}}},"PointDist1":{"controller":{"0":8,"1":8,"2":9},"idPos":{"0":5,"1":8,"2":6},"EffectStruct":{"0":{"0":0,"1":25},"1":{"0":1,"1":25},"2":{"0":2,"1":25},"3":{"0":3,"1":25}}},"PointDist2":{"controller":{"0":8,"1":8,"2":9},"idPos":{"0":8,"1":8,"2":10},"EffectStruct":{"0":{"0":0,"1":25},"1":{"0":1,"1":25},"2":{"0":2,"1":25},"3":{"0":3,"1":25}}}}},"1":{},"2":{},"3":{}},"power":20000,"shield":0,"ex":0},"creatorId":{"creator":"ENTITY_PLAYERSTATE_blackcancer","lastMod":"","seed":0,"touched":true,"byte_a":{"0":35972},"genId":0}}