{"uniqueId":"ENTITY_SHIP_AITURRET_1392677677808","type":6,"cs1":"\u0000\u0000\u0000\u0000\u0002\u0000\b\u0000\b\u0000\b\u0000\u0000\u0000\u0001\u0000\u0006\u0000\u0000\u0000\u0001\u0000\b\u0000\b\u0000\t\u0000\b\u0000\b\u0000\t\u0000\u0000\u0000\u0001\u0000\u0010\u0000\u0000\u0000(\u0000\b\u0000\b\u0000\u0007\u0000\b\u0000\b\u0000\r\u0000\t\u0000\b\u0000\t\u0000\b\u0000\t\u0000\t\u0000\u0007\u0000\b\u0000\b\u0000\u0007\u0000\t\u0000\u000b\u0000\t\u0000\b\u0000\r\u0000\b\u0000\t\u0000\u000b\u0000\b\u0000\b\u0000\u000b\u0000\u0007\u0000\b\u0000\u000b\u0000\t\u0000\b\u0000\u0007\u0000\t\u0000\t\u0000\f\u0000\b\u0000\t\u0000\f\u0000\u0007\u0000\b\u0000\f\u0000\t\u0000\t\u0000\u000b\u0000\b\u0000\t\u0000\b\u0000\u0007\u0000\t\u0000\r\u0000\t\u0000\b\u0000\u000b\u0000\u0007\u0000\t\u0000\u0007\u0000\t\u0000\b\u0000\f\u0000\t\u0000\b\u0000\n\u0000\u0007\u0000\b\u0000\r\u0000\t\u0000\t\u0000\u0007\u0000\b\u0000\t\u0000\r\u0000\t\u0000\t\u0000\n\u0000\u0007\u0000\t\u0000\n\u0000\u0007\u0000\t\u0000\f\u0000\b\u0000\t\u0000\n\u0000\b\u0000\b\u0000\f\u0000\t\u0000\t\u0000\t\u0000\u0007\u0000\b\u0000\n\u0000\b\u0000\t\u0000\u0007\u0000\t\u0000\t\u0000\r\u0000\u0007\u0000\b\u0000\t\u0000\u0007\u0000\t\u0000\b\u0000\b\u0000\b\u0000\n\u0000\t\u0000\b\u0000\b\u0000\u0007\u0000\b\u0000\u0007\u0000\t\u0000\t\u0000\b\u0000\u0007\u0000\t\u0000\t","realname":"Turret","dim":{"maxPos":{"x":-2,"y":-2,"z":-2},"minPos":{"x":2,"y":2,"z":2}},"dock":{"dockedTo":"ENTITY_SPACESTATION_P1392341003927","dockedToPos":{"x":0,"y":6,"z":-62},"byte_a":0,"byte_b":0,"s":{"0":-3,"1":-1,"2":-2}},"transformable":{"mass":0.10000000149012,"transformX":{"x":-1.0000002384186,"y":-4.3711395392165e-8,"z":-4.3711395392165e-8},"transformY":{"x":4.3711395392165e-8,"y":-1.1920928955078e-7,"z":-1.0000001192093},"transformZ":{"x":4.3711395392165e-8,"y":-1.0000001192093,"z":-1.1920928955078e-7},"localPos":{"x":-8,"y":-2,"z":-71.5},"sPos":{"x":6,"y":5,"z":9},"AIConfig":{"1":"Turret","2":"true","0":"Any"},"fid":-1,"own":""},"container":{"controllerStructure":{},"shipMan0":{"0":{"D":{"PointDist0":{"controller":{"0":8,"1":8,"2":9},"idPos":{"0":7,"1":8,"2":7},"EffectStruct":{"0":{"0":0,"1":25},"1":{"0":1,"1":25},"2":{"0":2,"1":25},"3":{"0":3,"1":25}}}}},"1":{},"2":{},"3":{}},"power":0,"shield":0,"ex":0},"creatorId":{"creator":"<system>","lastMod":"","seed":0,"touched":true,"byte_a":{"0":-1},"genId":0}}